<metadata xml:lang="en"><Esri><CreaDate>20220308</CreaDate><CreaTime>09405600</CreaTime><ArcGISFormat>1.0</ArcGISFormat><ArcGISstyle>FGDC CSDGM Metadata</ArcGISstyle><SyncOnce>FALSE</SyncOnce><DataProperties><lineage><Process ToolSource="c:\program files (x86)\arcgis\desktop10.7\ArcToolbox\Toolboxes\Data Management Tools.tbx\Copy" Date="20220308" Time="094056">Copy "Database Connections\TGP_11g.sde\SDW_GOVNT.CITY_TOWNSHIP_UNORG_TERR" \\GISFS\us_mn_state_dot\bdry_mn_city_township_unorg\fgdb\bdry_mn_city_township_unorg.gdb\city_township_unorg FeatureClass</Process><Process ToolSource="c:\program files\arcgis\pro\Resources\ArcToolbox\toolboxes\Conversion Tools.tbx\FeatureClassToFeatureClass" Date="20220329" Time="101918">FeatureClassToFeatureClass SDW_GOVNT.CITY_TOWNSHIP_UNORG_TERR "\\Mac\Home\Desktop\UMN Class Docs\GIS 5530\5530_ArcPro\GIS5530\GIS5530.gdb" ottertailboundary # "GNIS_FEATURE_ID "GNIS_FEATURE_ID" true true false 4 Long 0 0,First,#,SDW_GOVNT.CITY_TOWNSHIP_UNORG_TERR,GNIS_FEATURE_ID,-1,-1;FEATURE_NAME "FEATURE_NAME" true true false 400 Text 0 0,First,#,SDW_GOVNT.CITY_TOWNSHIP_UNORG_TERR,FEATURE_NAME,0,400;CTU_CLASS "CTU_CLASS" true true false 25 Text 0 0,First,#,SDW_GOVNT.CITY_TOWNSHIP_UNORG_TERR,CTU_CLASS,0,25;COUNTY_GNIS_FEATURE_ID "COUNTY_GNIS_FEATURE_ID" true true false 4 Long 0 0,First,#,SDW_GOVNT.CITY_TOWNSHIP_UNORG_TERR,COUNTY_GNIS_FEATURE_ID,-1,-1;COUNTY_CODE "COUNTY_CODE" true true false 2 Text 0 0,First,#,SDW_GOVNT.CITY_TOWNSHIP_UNORG_TERR,COUNTY_CODE,0,2;COUNTY_NAME "COUNTY_NAME" true false false 100 Text 0 0,First,#,SDW_GOVNT.CITY_TOWNSHIP_UNORG_TERR,COUNTY_NAME,0,100;POPULATION "POPULATION" true true false 4 Long 0 0,First,#,SDW_GOVNT.CITY_TOWNSHIP_UNORG_TERR,POPULATION,-1,-1;SE_ANNO_CAD_DATA "SE_ANNO_CAD_DATA" true true false 0 Blob 0 0,First,#,SDW_GOVNT.CITY_TOWNSHIP_UNORG_TERR,SE_ANNO_CAD_DATA,-1,-1;SHAPE_Length "SHAPE_Length" false true true 8 Double 0 0,First,#,SDW_GOVNT.CITY_TOWNSHIP_UNORG_TERR,SHAPE_Length,-1,-1;SHAPE_Area "SHAPE_Area" false true true 8 Double 0 0,First,#,SDW_GOVNT.CITY_TOWNSHIP_UNORG_TERR,SHAPE_Area,-1,-1" #</Process><Process ToolSource="c:\program files\arcgis\pro\Resources\ArcToolbox\toolboxes\Conversion Tools.tbx\FeatureClassToFeatureClass" Date="20220329" Time="104131">FeatureClassToFeatureClass ottertailboundary \\Mac\Home\Desktop\LCCMR_Soils\shapefiles ottertailboundary.shp # "GNIS_FEATURE_ID "GNIS_FEATURE_ID" true true false 4 Long 0 0,First,#,ottertailboundary,GNIS_FEATURE_ID,-1,-1;FEATURE_NAME "FEATURE_NAME" true true false 400 Text 0 0,First,#,ottertailboundary,FEATURE_NAME,0,400;CTU_CLASS "CTU_CLASS" true true false 25 Text 0 0,First,#,ottertailboundary,CTU_CLASS,0,25;COUNTY_GNIS_FEATURE_ID "COUNTY_GNIS_FEATURE_ID" true true false 4 Long 0 0,First,#,ottertailboundary,COUNTY_GNIS_FEATURE_ID,-1,-1;COUNTY_CODE "COUNTY_CODE" true true false 2 Text 0 0,First,#,ottertailboundary,COUNTY_CODE,0,2;COUNTY_NAME "COUNTY_NAME" true false false 100 Text 0 0,First,#,ottertailboundary,COUNTY_NAME,0,100;POPULATION "POPULATION" true true false 4 Long 0 0,First,#,ottertailboundary,POPULATION,-1,-1;Shape_Length "Shape_Length" false true true 8 Double 0 0,First,#,ottertailboundary,Shape_Length,-1,-1;Shape_Area "Shape_Area" false true true 8 Double 0 0,First,#,ottertailboundary,Shape_Area,-1,-1" #</Process></lineage><itemProps><itemName Sync="TRUE">ottertailboundary</itemName><imsContentType Sync="TRUE">002</imsContentType><itemLocation><linkage Sync="TRUE">file://\\Mac\Home\Desktop\LCCMR_Soils\shapefiles\ottertailboundary.shp</linkage><protocol Sync="TRUE">Local Area Network</protocol></itemLocation><itemSize Sync="TRUE">0.000</itemSize></itemProps><coordRef><type Sync="TRUE">Projected</type><geogcsn Sync="TRUE">GCS_North_American_1983</geogcsn><csUnits Sync="TRUE">Linear Unit: Meter (1.000000)</csUnits><projcsn Sync="TRUE">NAD_1983_UTM_Zone_15N</projcsn><peXml Sync="TRUE">&lt;ProjectedCoordinateSystem xsi:type='typens:ProjectedCoordinateSystem' xmlns:xsi='http://www.w3.org/2001/XMLSchema-instance' xmlns:xs='http://www.w3.org/2001/XMLSchema' xmlns:typens='http://www.esri.com/schemas/ArcGIS/2.9.0'&gt;&lt;WKT&gt;PROJCS[&amp;quot;NAD_1983_UTM_Zone_15N&amp;quot;,GEOGCS[&amp;quot;GCS_North_American_1983&amp;quot;,DATUM[&amp;quot;D_North_American_1983&amp;quot;,SPHEROID[&amp;quot;GRS_1980&amp;quot;,6378137.0,298.257222101]],PRIMEM[&amp;quot;Greenwich&amp;quot;,0.0],UNIT[&amp;quot;Degree&amp;quot;,0.0174532925199433]],PROJECTION[&amp;quot;Transverse_Mercator&amp;quot;],PARAMETER[&amp;quot;False_Easting&amp;quot;,500000.0],PARAMETER[&amp;quot;False_Northing&amp;quot;,0.0],PARAMETER[&amp;quot;Central_Meridian&amp;quot;,-93.0],PARAMETER[&amp;quot;Scale_Factor&amp;quot;,0.9996],PARAMETER[&amp;quot;Latitude_Of_Origin&amp;quot;,0.0],UNIT[&amp;quot;Meter&amp;quot;,1.0],AUTHORITY[&amp;quot;EPSG&amp;quot;,26915]]&lt;/WKT&gt;&lt;XOrigin&gt;-5120900&lt;/XOrigin&gt;&lt;YOrigin&gt;-9998100&lt;/YOrigin&gt;&lt;XYScale&gt;450445547.3910538&lt;/XYScale&gt;&lt;ZOrigin&gt;-100000&lt;/ZOrigin&gt;&lt;ZScale&gt;10000&lt;/ZScale&gt;&lt;MOrigin&gt;-100000&lt;/MOrigin&gt;&lt;MScale&gt;10000&lt;/MScale&gt;&lt;XYTolerance&gt;0.001&lt;/XYTolerance&gt;&lt;ZTolerance&gt;0.001&lt;/ZTolerance&gt;&lt;MTolerance&gt;0.001&lt;/MTolerance&gt;&lt;HighPrecision&gt;true&lt;/HighPrecision&gt;&lt;WKID&gt;26915&lt;/WKID&gt;&lt;LatestWKID&gt;26915&lt;/LatestWKID&gt;&lt;/ProjectedCoordinateSystem&gt;</peXml></coordRef></DataProperties><SyncDate>20220329</SyncDate><SyncTime>10413100</SyncTime><ModDate>20220329</ModDate><ModTime>10413100</ModTime></Esri><dataIdInfo><envirDesc Sync="TRUE">Microsoft Windows 10 Version 10.0 (Build 19041) ; Esri ArcGIS 12.9.0.32739</envirDesc><dataLang><languageCode value="eng" Sync="TRUE"></languageCode><countryCode value="USA" Sync="TRUE"></countryCode></dataLang><idCitation><resTitle Sync="TRUE">ottertailboundary</resTitle><presForm><PresFormCd value="005" Sync="TRUE"></PresFormCd></presForm></idCitation><spatRpType><SpatRepTypCd value="001" Sync="TRUE"></SpatRepTypCd></spatRpType></dataIdInfo><mdLang><languageCode value="eng" Sync="TRUE"></languageCode><countryCode value="USA" Sync="TRUE"></countryCode></mdLang><distInfo><distFormat><formatName Sync="TRUE">Shapefile</formatName></distFormat><distTranOps><transSize Sync="TRUE">0.000</transSize></distTranOps></distInfo><mdHrLv><ScopeCd value="005" Sync="TRUE"></ScopeCd></mdHrLv><mdHrLvName Sync="TRUE">dataset</mdHrLvName><refSysInfo><RefSystem><refSysID><identCode code="26915" Sync="TRUE"></identCode><idCodeSpace Sync="TRUE">EPSG</idCodeSpace><idVersion Sync="TRUE">6.11(3.0.1)</idVersion></refSysID></RefSystem></refSysInfo><spatRepInfo><VectSpatRep><geometObjs Name="ottertailboundary"><geoObjTyp><GeoObjTypCd value="002" Sync="TRUE"></GeoObjTypCd></geoObjTyp><geoObjCnt Sync="TRUE">0</geoObjCnt></geometObjs><topLvl><TopoLevCd value="001" Sync="TRUE"></TopoLevCd></topLvl></VectSpatRep></spatRepInfo><spdoinfo><ptvctinf><esriterm Name="ottertailboundary"><efeatyp Sync="TRUE">Simple</efeatyp><efeageom code="4" Sync="TRUE"></efeageom><esritopo Sync="TRUE">FALSE</esritopo><efeacnt Sync="TRUE">0</efeacnt><spindex Sync="TRUE">FALSE</spindex><linrefer Sync="TRUE">FALSE</linrefer></esriterm></ptvctinf></spdoinfo><eainfo><detailed Name="ottertailboundary"><enttyp><enttypl Sync="TRUE">ottertailboundary</enttypl><enttypt Sync="TRUE">Feature Class</enttypt><enttypc Sync="TRUE">0</enttypc></enttyp><attr><attrlabl Sync="TRUE">FID</attrlabl><attalias Sync="TRUE">FID</attalias><attrtype Sync="TRUE">OID</attrtype><attwidth Sync="TRUE">4</attwidth><atprecis Sync="TRUE">0</atprecis><attscale Sync="TRUE">0</attscale><attrdef Sync="TRUE">Internal feature number.</attrdef><attrdefs Sync="TRUE">Esri</attrdefs><attrdomv><udom Sync="TRUE">Sequential unique whole numbers that are automatically generated.</udom></attrdomv></attr><attr><attrlabl Sync="TRUE">Shape</attrlabl><attalias Sync="TRUE">Shape</attalias><attrtype Sync="TRUE">Geometry</attrtype><attwidth Sync="TRUE">0</attwidth><atprecis Sync="TRUE">0</atprecis><attscale Sync="TRUE">0</attscale><attrdef Sync="TRUE">Feature geometry.</attrdef><attrdefs Sync="TRUE">Esri</attrdefs><attrdomv><udom Sync="TRUE">Coordinates defining the features.</udom></attrdomv></attr><attr><attrlabl Sync="TRUE">GNIS_FEATU</attrlabl><attalias Sync="TRUE">GNIS_FEATU</attalias><attrtype Sync="TRUE">Integer</attrtype><attwidth Sync="TRUE">10</attwidth><atprecis Sync="TRUE">10</atprecis><attscale Sync="TRUE">0</attscale></attr><attr><attrlabl Sync="TRUE">FEATURE_NA</attrlabl><attalias Sync="TRUE">FEATURE_NA</attalias><attrtype Sync="TRUE">String</attrtype><attwidth Sync="TRUE">254</attwidth><atprecis Sync="TRUE">0</atprecis><attscale Sync="TRUE">0</attscale></attr><attr><attrlabl Sync="TRUE">CTU_CLASS</attrlabl><attalias Sync="TRUE">CTU_CLASS</attalias><attrtype Sync="TRUE">String</attrtype><attwidth Sync="TRUE">25</attwidth><atprecis Sync="TRUE">0</atprecis><attscale Sync="TRUE">0</attscale></attr><attr><attrlabl Sync="TRUE">COUNTY_GNI</attrlabl><attalias Sync="TRUE">COUNTY_GNI</attalias><attrtype Sync="TRUE">Integer</attrtype><attwidth Sync="TRUE">10</attwidth><atprecis Sync="TRUE">10</atprecis><attscale Sync="TRUE">0</attscale></attr><attr><attrlabl Sync="TRUE">COUNTY_COD</attrlabl><attalias Sync="TRUE">COUNTY_COD</attalias><attrtype Sync="TRUE">String</attrtype><attwidth Sync="TRUE">2</attwidth><atprecis Sync="TRUE">0</atprecis><attscale Sync="TRUE">0</attscale></attr><attr><attrlabl Sync="TRUE">COUNTY_NAM</attrlabl><attalias Sync="TRUE">COUNTY_NAM</attalias><attrtype Sync="TRUE">String</attrtype><attwidth Sync="TRUE">100</attwidth><atprecis Sync="TRUE">0</atprecis><attscale Sync="TRUE">0</attscale></attr><attr><attrlabl Sync="TRUE">POPULATION</attrlabl><attalias Sync="TRUE">POPULATION</attalias><attrtype Sync="TRUE">Integer</attrtype><attwidth Sync="TRUE">10</attwidth><atprecis Sync="TRUE">10</atprecis><attscale Sync="TRUE">0</attscale></attr><attr><attrlabl Sync="TRUE">Shape_Leng</attrlabl><attalias Sync="TRUE">Shape_Leng</attalias><attrtype Sync="TRUE">Double</attrtype><attwidth Sync="TRUE">19</attwidth><atprecis Sync="TRUE">0</atprecis><attscale Sync="TRUE">0</attscale></attr><attr><attrlabl Sync="TRUE">Shape_Area</attrlabl><attalias Sync="TRUE">Shape_Area</attalias><attrtype Sync="TRUE">Double</attrtype><attwidth Sync="TRUE">19</attwidth><atprecis Sync="TRUE">0</atprecis><attscale Sync="TRUE">0</attscale><attrdef Sync="TRUE">Area of feature in internal units squared.</attrdef><attrdefs Sync="TRUE">Esri</attrdefs><attrdomv><udom Sync="TRUE">Positive real numbers that are automatically generated.</udom></attrdomv></attr></detailed></eainfo><mdDateSt Sync="TRUE">20220329</mdDateSt></metadata>
